X,Y,OBJECTID,LAYER_ID,ATR_NUMBER,ROUTE_NUMBER,ROUTE_DIR_ID,START_ACCUM,LOCTEXT,CNTY_NAME,LATITUDE,LONGITUDE,YEAR_EST,YEAR_DSC,CreationDate,Creator,EditDate,Editor,GlobalID,SENSOR1
-12457879.9855,5024838.5011,1,56,-0316,0089,1384,402.695,"SR 89   2 miles S of SR 193, Hillfield Road, Layton  MP 402.695  FC 14",Davis,41.084669990211,-111.911039987013,1979,0,2020/12/14 10:47:25+00,psidwell@utah.gov_uplan,2020/12/14 10:47:25+00,psidwell@utah.gov_uplan,{9DFDBD97-1A89-4943-9290-84CF67EFD7D2},Loop
-12461786.8558,4934363.8839,2,56,-0407,0068,1368,038.593,"SR 68   2 miles N of Utah County Line,  Bluffdale  MP 38.593  FC 16",Salt Lake,40.4692179998496,-111.946136000049,1964,0,2020/12/14 10:47:25+00,psidwell@utah.gov_uplan,2020/12/14 10:47:25+00,psidwell@utah.gov_uplan,{0815834F-8933-4A39-ACF4-B71D02D35D36},NID
-12197065.098,4478442.4132,3,56,-0506,0191,350,024.666,"SR 191  1.2 miles W of SR 163,  Bluff  MP 24.666  FC 02",San Juan,37.2816800028193,-109.568099989342,1990,0,2020/12/14 10:47:25+00,psidwell@utah.gov_uplan,2020/12/14 10:47:25+00,psidwell@utah.gov_uplan,{C7863506-C7CB-4C37-9336-D5F7C94B1328},NID
-12439435.4636,4929140.197,4,56,-0601,0092,1386,007.873,SR 92   American Fork Canyon W Toll Booth  MP 7.873  FC 17,Utah,40.4335099596139,-111.745350027703,1999,0,2020/12/14 10:47:25+00,psidwell@utah.gov_uplan,2020/12/14 10:47:25+00,psidwell@utah.gov_uplan,{CE628122-9890-4150-9489-256DDC063224},Loop
-12463901.2559,4702588.2842,5,56,-0305,0024,1340,008.064,"SR 24   0.1 mile N of SR 118,  Sigurd  MP 8.064  FC 07",Sevier,38.8666499634253,-111.965129979315,1939,0,2020/12/14 10:47:25+00,psidwell@utah.gov_uplan,2020/12/14 10:47:25+00,psidwell@utah.gov_uplan,{950CDBD5-13F0-4CA2-AF93-7D72B40B89BD},Loop
-12400500.3505,5154176.6777,6,56,-0304,0089,1384,499.810,"SR 89   0.6 mile N of SR 30,  Garden City  MP 499.810  FC 02",Rich,41.9545699997839,-111.395589955836,1959,0,2020/12/14 10:47:25+00,psidwell@utah.gov_uplan,2020/12/14 10:47:25+00,psidwell@utah.gov_uplan,{8C6BDBB7-8E3C-4EBE-B54F-54FC6F2271FA},Under Construction
-12451312.1431,5049871.6995,7,56,-0320,0039,1349,013.243,"SR 39   0.5 mile W of SR 158, Ogden Cyn.  MP 13.243  FC 06",Weber,41.2539499947423,-111.852040054897,1950,0,2020/12/14 10:47:25+00,psidwell@utah.gov_uplan,2020/12/14 10:47:25+00,psidwell@utah.gov_uplan,{2D163834-B756-4ADE-9EE0-AE9594F75CEB},Loop
-12572840.6826,5155913.1705,8,56,-0430,0030,1343,080.704,"SR 30   6.01 miles E of SR 42,  Curlew Jct.  MP 80.704  FC 07",Box Elder,41.9661696666747,-112.943749499793,1950,0,2020/12/14 10:47:25+00,psidwell@utah.gov_uplan,2020/12/14 10:47:25+00,psidwell@utah.gov_uplan,{765F3A74-95A5-4EC5-8228-DEE498257738},Loop
-12451007.1197,4818834.6285,9,56,-0502,0015,1333,222.158,I 15   0.5 mile S of Nephi Int.  MP 222.158  FC 01,Juab,39.6750599868037,-111.849299983075,1990,0,2020/12/14 10:47:25+00,psidwell@utah.gov_uplan,2020/12/14 10:47:25+00,psidwell@utah.gov_uplan,{38381007-2067-4375-BBF6-6F74AE39144A},WIM
-12450151.076,5136858.4836,10,56,-0510,0218,356,007.700,"SR 218   100 N 319 W,  Smithfield  MP 7.700  FC 16",Cache,41.8387699886643,-111.841610011679,1994,0,2020/12/14 10:47:25+00,psidwell@utah.gov_uplan,2020/12/14 10:47:25+00,psidwell@utah.gov_uplan,{751FEEA7-BA02-4E50-A877-45FC29E8C51F},Loop
-12447000.7352,5127451.3217,11,56,-0511,1267,253,002.145,"Route 1267   2416 N 800 E,  Logan  MP 2.145  FC 16",Cache,41.7757799744491,-111.813310018771,1994,0,2020/12/14 10:47:25+00,psidwell@utah.gov_uplan,2020/12/14 10:47:25+00,psidwell@utah.gov_uplan,{52DB1010-943B-4A4A-ACB4-61468D9476B6},Loop
-12459582.0664,4978721.1566,12,56,-0409,2330,1838,001.690,"Route 2330   1200 W North Temple,  SLC  MP 1.690  FC 16",Salt Lake,40.7716700269235,-111.926330039886,1956,0,2020/12/14 10:47:25+00,psidwell@utah.gov_uplan,2020/12/14 10:47:25+00,psidwell@utah.gov_uplan,{3C2CE8AC-759B-422B-8956-B69CC544E1CF},Loop
-12545138.859,4618209.0472,13,56,-0405,0021,305,104.310,"SR 21   3 miles W of Main Street,  Beaver  MP 104.310  FC 06",Beaver,38.2740252838044,-112.694899784414,1950,0,2020/12/14 10:47:25+00,psidwell@utah.gov_uplan,2020/12/14 10:47:25+00,psidwell@utah.gov_uplan,{2E54904F-DB01-42CB-9B37-2F6ABE5B6B81},Loop
-12638711.8251,4456184.3266,14,56,-0704,3196,2000,007.540,"Route 3196   2250 E Redcliff Drive,  St. George  MP 7.540  FC 17",Washington,37.1224200387444,-113.535480040695,2001,0,2020/12/14 10:47:25+00,psidwell@utah.gov_uplan,2020/12/14 10:47:25+00,psidwell@utah.gov_uplan,{4D28601D-45FF-4159-80B2-1D0A15302E84},Loop
-12448180.7132,5032886.4975,15,56,-0609,0167,1434,001.250,SR 167   1.2 miles W of Mountain Green Int.  MP 1.250  FC 07,Morgan,41.1391400155316,-111.823909941494,2001,0,2020/12/14 10:47:25+00,psidwell@utah.gov_uplan,2020/12/14 10:47:25+00,psidwell@utah.gov_uplan,{2AB0D566-510D-4F33-B4F4-E37200A66FC3},Loop
-12482458.2056,4755765.9817,16,56,-0313,0015,1333,187.083,I 15   1 mile S of Scipio Int.  MP 187.083  FC 01,Millard,39.2376200147073,-112.131829894736,1941,0,2020/12/14 10:47:25+00,psidwell@utah.gov_uplan,2020/12/14 10:47:25+00,psidwell@utah.gov_uplan,{EDD82486-4DB3-4779-AC64-124F70592A28},NID
-12471974.259,4955545.9472,17,56,-0634,0085,6660,015.840,SR 85  7600 South Mountainview Corridor  MP 15.840  FC 12,Salt Lake,40.6138196667104,-112.037651000049,2014,0,2020/12/14 10:47:25+00,psidwell@utah.gov_uplan,2020/12/14 10:47:25+00,psidwell@utah.gov_uplan,{B1A3C0C3-40A3-4E74-AD34-FF6622F79FD9},NID
-12400865.4873,5152986.7352,18,56,-0362,0089,1384,498.231,"SR 89   0.2 mile W of SR 30,  Garden City  MP 498.231  FC 02",Rich,41.9466200366217,-111.398870035519,1950,0,2020/12/14 10:47:25+00,psidwell@utah.gov_uplan,2020/12/14 10:47:25+00,psidwell@utah.gov_uplan,{2A6C0E39-0DC9-4CD6-8D46-1D4C8BCEACBE},NID
-12446959.1725,5160740.5392,19,56,-0303,0091,324,045.240,"SR 91   1.5 miles N of SR 61,  Webster Jct  MP 45.240  FC 06",Cache,41.9984051029471,-111.812936654684,1959,0,2020/12/14 10:47:25+00,psidwell@utah.gov_uplan,2020/12/14 10:47:25+00,psidwell@utah.gov_uplan,{C50C94BB-1072-4533-BC21-CCD2A5EF5915},NID
-12487224.999,5137406.7762,20,56,-0310,0015,1333,389.341,I 15   3 miles S of Plymouth Int.  MP 389.341  FC 01,Box Elder,41.8424394258468,-112.174650728411,1944,0,2020/12/14 10:47:25+00,psidwell@utah.gov_uplan,2020/12/14 10:47:25+00,psidwell@utah.gov_uplan,{43DF8CF6-F731-403B-B876-9072AF40970B},NID
-12496723.7544,5124014.0977,21,56,-0614,0084,1381,036.640,I 84   3.2 miles W of Bothwell Int.  MP 36.640  FC 01,Box Elder,41.7527489998062,-112.25997949997,2002,0,2020/12/14 10:47:25+00,psidwell@utah.gov_uplan,2020/12/14 10:47:25+00,psidwell@utah.gov_uplan,{C094623B-7944-436D-96BC-700CF3FFB155},NID
-12451318.8189,5121430.1624,22,56,-0620,0030,1343,109.100,"SR 30   W of 600 W,  Logan  MP 109.100  FC 14",Cache,41.7354300070877,-111.852100024629,2005,0,2020/12/14 10:47:25+00,psidwell@utah.gov_uplan,2020/12/14 10:47:25+00,psidwell@utah.gov_uplan,{1F039DD3-445B-4FA2-BA9E-C2AEF0D2F25D},NID
-12449390.7562,5115281.593,23,56,-0622,0165,345,009.350,"SR 165   2121 S,  Millville  MP 9.350  FC 16",Cache,41.6942000425319,-111.834779942707,2009,0,2020/12/14 10:47:25+00,psidwell@utah.gov_uplan,2020/12/14 10:47:25+00,psidwell@utah.gov_uplan,{706DE239-2894-4244-95A6-C7ED3C9C9A39},NID
-12457286.9328,5109197.5843,24,56,-0363,0091,324,019.899,"SR 91  0.8 mile N of SR 101,  Wellsville  MP 19.899  FC 02",Cache,41.6533769667902,-111.905712503966,1950,0,2020/12/14 10:47:25+00,psidwell@utah.gov_uplan,2020/12/14 10:47:25+00,psidwell@utah.gov_uplan,{7CB760EB-D79B-4C99-B907-E2343770E37B},NID
-12473990.1482,5078876.5514,25,56,-0613,0015,1333,360.800,I 15   2 miles S of S Brigham Int.  MP 360.800  FC 01,Box Elder,41.4495400057635,-112.055760040844,2002,0,2020/12/14 10:47:25+00,psidwell@utah.gov_uplan,2020/12/14 10:47:25+00,psidwell@utah.gov_uplan,{D2DE1BFA-2839-4E0B-8B89-6EAD98E013F9},NID
-12464568.057,5042084.7802,26,56,-0329,0089,1384,412.398,"SR 89   3450 S Washington Blvd.,  Ogden  MP 412.398  FC 14",Weber,41.2013399968943,-111.971119955511,1965,0,2020/12/14 10:47:25+00,psidwell@utah.gov_uplan,2020/12/14 10:47:25+00,psidwell@utah.gov_uplan,{A1E7C606-FC0A-4555-93E2-9D53D56E27C0},NID
-12467811.9189,5041300.6376,27,56,-0348,0015,1333,341.250,"I 15   0.5 mile S of 31st Street,  Ogden  MP 341.250  FC 11",Weber,41.1960398253955,-112.000260062754,1950,0,2020/12/14 10:47:25+00,psidwell@utah.gov_uplan,2020/12/14 10:47:25+00,psidwell@utah.gov_uplan,{9E84052A-D231-4545-93BF-60824E42762B},NID
-12448208.5525,5032882.0656,28,56,-0307,0084,1381,092.593,I 84   0.5 mile E of Mountain Green Int.  MP 92.593  FC 07,Morgan,41.1391100322166,-111.824160026181,1950,0,2020/12/14 10:47:25+00,psidwell@utah.gov_uplan,2020/12/14 10:47:25+00,psidwell@utah.gov_uplan,{4C33153A-45B4-4DE9-BE87-97D7F6FEB07A},NID
-12403593.8313,5009406.4436,29,56,-0309,0080,321,168.350,I 80   1 mile East of Echo Jct.  MP 168.350  FC 01,Summit,40.9800971669471,-111.423379166674,1967,0,2020/12/14 10:47:25+00,psidwell@utah.gov_uplan,2020/12/14 10:47:25+00,psidwell@utah.gov_uplan,{7363317A-66A8-4160-8799-08096304FDE6},NID
-12400521.5131,4997240.9186,30,56,-0318,0080,321,161.501,I 80   1 mile W of Coalville Int.  MP 161.501  FC 01,Summit,40.8975424105677,-111.395780062707,1950,0,2020/12/14 10:47:25+00,psidwell@utah.gov_uplan,2020/12/14 10:47:25+00,psidwell@utah.gov_uplan,{410F4662-53AC-4FDB-968D-8013EB47C881},NID
-12496324.1785,4968601.6042,31,56,-0615,0080,321,100.000,"I 80   0.5 mile E of SR 36 Mills Jct.,  Tooele  MP 100.000  FC 01",Tooele,40.7027900004596,-112.256390048589,2003,0,2020/12/14 10:47:25+00,psidwell@utah.gov_uplan,2020/12/14 10:47:25+00,psidwell@utah.gov_uplan,{C4763F5A-AE2F-4D35-A126-2AE4B0372ABF},NID
-12456319.2836,5008927.648,32,56,-0625,0067,6369,011.418,SR 67  Legacy Parkway  MP 11.418  FC 12,Davis,40.9768500301308,-111.897019963306,2010,0,2020/12/14 10:47:25+00,psidwell@utah.gov_uplan,2020/12/14 10:47:25+00,psidwell@utah.gov_uplan,{084A3406-4EEE-4C09-81A8-F4A1E7B6CF58},NID
-12455714.8217,5006032.1963,33,56,-0315,0015,1333,321.960,I 15   1.8 miles S of Lagoon Drive Int.  MP 321.960  FC 11,Davis,40.9572100028424,-111.891589989672,1944,0,2020/12/14 10:47:25+00,psidwell@utah.gov_uplan,2020/12/14 10:47:25+00,psidwell@utah.gov_uplan,{AAA45188-E565-4C42-9BEC-1DC9A05FEF4F},NID
-12464564.728,5022307.4268,34,56,-0612,0015,1333,331.071,"I 15   N of SR 126 Int.,  Layton  MP 331.071  FC 11",Davis,41.0675299656454,-111.971090050595,2003,0,2020/12/14 10:47:25+00,psidwell@utah.gov_uplan,2020/12/14 10:47:25+00,psidwell@utah.gov_uplan,{803DA643-BC7E-498E-A42B-E3E0227819C7},Under Construction
-12408513.2808,4964954.3721,35,56,-0606,0248,1279,002.561,"SR 248   0.5 mile W of SR 40,  Park City  MP 2.561  FC 02",Summit,40.6779471667762,-111.467571333427,2000,0,2020/12/14 10:47:25+00,psidwell@utah.gov_uplan,2020/12/14 10:47:25+00,psidwell@utah.gov_uplan,{527575C2-116A-4116-8CBF-39BEC4346C9C},NID
-12417072.593,4966633.1297,36,56,-0605,0224,357,008.920,"SR 224   0.1 mile N of Canyons Resort Drive,  Park City  MP 8.920  FC 02",Summit,40.6893830421423,-111.544460943135,2000,0,2020/12/14 10:47:25+00,psidwell@utah.gov_uplan,2020/12/14 10:47:25+00,psidwell@utah.gov_uplan,{BEC87CB4-68B9-4BFA-8924-DEEB0113B4BC},NID
-12443497.5135,4956246.975,37,56,-0322,0190,404,002.460,SR 190   Mouth of Big Cottonwood Cyn.  MP 2.460  FC 16,Salt Lake,40.6185999724768,-111.781840042803,1955,0,2020/12/14 10:47:25+00,psidwell@utah.gov_uplan,2020/12/14 10:47:25+00,psidwell@utah.gov_uplan,{F41B5507-A9CF-4268-B26C-52BFEC7F0D41},NID
-12457086.4088,4953247.5246,38,56,-0630,0015,1333,296.400,"I 15  8550 South, Midvale  MP 296.400  FC 11",Salt Lake,40.5981443332013,-111.903911166226,2014,0,2020/12/14 10:47:25+00,psidwell@utah.gov_uplan,2020/12/14 10:47:25+00,psidwell@utah.gov_uplan,{D47A4028-7C6F-4EFF-A0E7-237D36A731C1},NID
-12465140.2484,4955758.6341,39,56,-0627,0154,1426,013.004,SR 154  7700 S Bangerter Highway  MP 13.004  FC 14,Salt Lake,40.6152700139752,-111.976260038311,2013,0,2020/12/14 10:47:25+00,psidwell@utah.gov_uplan,2020/12/14 10:47:25+00,psidwell@utah.gov_uplan,{A1156C60-B16C-4F1A-B497-98A00C618FDB},NID
-12201154.1641,4665659.0257,40,56,-0421,0191,350,129.989,"SR 191   0.2 mile N of SR 279,  Moab  MP 129.989  FC 02",Grand,38.6078845347137,-109.604832695096,2004,0,2020/12/14 10:47:26+00,psidwell@utah.gov_uplan,2020/12/14 10:47:26+00,psidwell@utah.gov_uplan,{C22870FE-2A7B-4C33-A7A2-FE4EDADC2F25},NID
-12272385.78,4718478.1297,41,56,-0404,0070,1370,156.869,"I 70   1 mile W of SR 6 Int.,  Green River  MP 156.869  FC 01",Emery,38.9777023575023,-110.244717187851,1950,0,2020/12/14 10:47:26+00,psidwell@utah.gov_uplan,2020/12/14 10:47:26+00,psidwell@utah.gov_uplan,{577A5E1F-2A13-4DFB-BABE-0C0C29D67294},NID
-12348603.2085,4772806.0842,42,56,-0427,0010,1327,050.294,"SR 10   1 mile N of SR 155,  Huntington  MP 50.294  FC 06",Emery,39.3560799919511,-110.929389997229,1950,0,2020/12/14 10:47:26+00,psidwell@utah.gov_uplan,2020/12/14 10:47:26+00,psidwell@utah.gov_uplan,{8906FCF7-D6C3-4C92-ACF4-026C03E5A592},NID
-12338080.4107,4809361.6247,43,56,-0507,0006,1332,239.232,"SR 6   1 mile N of SR 55 Int.,  Price  MP 239.232  FC 02",Carbon,39.6095313501443,-110.834862096275,1990,0,2020/12/14 10:47:26+00,psidwell@utah.gov_uplan,2020/12/14 10:47:26+00,psidwell@utah.gov_uplan,{DC3FDD5B-FE7D-4812-88D0-056A9040926A},NID
-12154622.9679,4558968.6926,44,56,-0324,0491,1291,009.000,"SR 491   9 miles E of SR 191,  Monticello  MP 9.000  FC 02",San Juan,37.8550447893897,-109.186835847748,1963,0,2020/12/14 10:47:26+00,psidwell@utah.gov_uplan,2020/12/14 10:47:26+00,psidwell@utah.gov_uplan,{91AC710B-9EA2-4DC9-ABE1-7389BACEC11F},NID
-12507400.4602,4444333.7032,45,56,-0411,0089,1384,051.370,SR 89   7 miles E of Kanab  MP 51.370  FC 02,Kane,37.0374900310763,-112.355889980012,1959,0,2020/12/14 10:47:26+00,psidwell@utah.gov_uplan,2020/12/14 10:47:26+00,psidwell@utah.gov_uplan,{64DB9D61-F363-4F12-BC84-2D02C077BCE1},NID
-12526744.4502,4439235.0241,46,56,-0412,089A,301,000.010,SR 89A  2 miles S of Kanab  MP 0.010  FC 06,Kane,37.0009199995554,-112.529659998741,1960,0,2020/12/14 10:47:26+00,psidwell@utah.gov_uplan,2020/12/14 10:47:26+00,psidwell@utah.gov_uplan,{F341CD90-91B0-4FB7-A02D-85C95FE470F9},NID
-12493964.3977,4645724.2587,47,56,-0415,0089,1384,180.244,SR 89   1 mile N of Marysvale  MP 180.244  FC 02,Piute,38.4678111164859,-112.235191776991,1950,0,2020/12/14 10:47:26+00,psidwell@utah.gov_uplan,2020/12/14 10:47:26+00,psidwell@utah.gov_uplan,{A19739EB-5F0E-4DAF-9C3F-BF63C4A03F64},NID
-12562243.5009,4557741.0513,48,56,-0513,0015,1333,076.320,I 15   1 mile N of S Parowan Int.  MP 76.320  FC 01,Iron,37.8463368726829,-112.848553396896,2002,0,2020/12/14 10:47:26+00,psidwell@utah.gov_uplan,2020/12/14 10:47:26+00,psidwell@utah.gov_uplan,{1ABB8648-3E8E-45DD-A639-465D1AC754D8},NID
-12583050.8693,4533294.776,49,56,-0382,0014,1330,001.700,"SR 14   1.7 miles E of SR 130,  Cedar City  MP 1.700  FC 16",Iron,37.6727202909763,-113.035469167456,1950,0,2020/12/14 10:47:26+00,psidwell@utah.gov_uplan,2020/12/14 10:47:26+00,psidwell@utah.gov_uplan,{062648CC-B91C-45F2-98DA-52A54B025918},NID
-12580121.6955,4463830.8796,50,0,-0715,0009,0,030.587,"SR-9 Quail Ridge Rd., Springdale",Washington,37.1771701665245,-113.009155951512,2019,0,2020/12/14 10:47:26+00,psidwell@utah.gov_uplan,2020/12/14 10:47:26+00,psidwell@utah.gov_uplan,{BDDE08C2-CA79-4783-B4D2-757E7421E5F7},NID
-12634765.3988,4440552.2281,51,56,-0714,0007,6516,006.910,"SR 7, Southern Parkway, St. George  MP  6.910  FC 16",Washington,37.0103692682967,-113.500028690065,2014,0,2020/12/14 10:47:26+00,psidwell@utah.gov_uplan,2020/12/14 10:47:26+00,psidwell@utah.gov_uplan,{C9DF660E-6DC4-4E50-ABCB-A133063EC1A0},NID
-12638881.0228,4439791.1953,52,56,-0713,0007,6516,004.800,"SR 7, Southern Parkway,  St. George    MP 4.800  FC 16",Washington,37.0049099660672,-113.536999969494,2014,0,2020/12/14 10:47:26+00,psidwell@utah.gov_uplan,2020/12/14 10:47:26+00,psidwell@utah.gov_uplan,{E9BF5C53-FD5E-4EA2-A4C4-D2BB3822968C},NID
-12645063.7072,4440868.7819,53,56,-0712,0007,6516,001.337,"SR 7, Southern Parkway,  St. George  MP 1.337  FC 16",Washington,37.0126399654232,-113.592539968428,2014,0,2020/12/14 10:47:26+00,psidwell@utah.gov_uplan,2020/12/14 10:47:26+00,psidwell@utah.gov_uplan,{D1C983F3-D0B8-42AC-BA0B-70398640379E},NID
-12645615.7246,4444591.1543,54,56,-0400,0015,1333,003.060,I 15   1 mile S of Bloomington Int.  MP 3.060  FC 11,Washington,37.0393361199068,-113.597498825103,1959,0,2020/12/14 10:47:26+00,psidwell@utah.gov_uplan,2020/12/14 10:47:26+00,psidwell@utah.gov_uplan,{D6DD9C63-3B91-48A9-B820-8C5B763C58EA},NID
-12618562.4937,4473035.979,55,56,-0401,0015,1333,022.581,I 15   1 mile S of Leeds Int.  MP 22.581  FC 01,Washington,37.2430270538702,-113.354475517081,1950,0,2020/12/14 10:47:26+00,psidwell@utah.gov_uplan,2020/12/14 10:47:26+00,psidwell@utah.gov_uplan,{2D4E1E6A-BA72-4796-838B-54E05993AF72},NID
-12640078.6198,4455513.6454,56,56,-0621,0015,1333,009.500,"I 15   0.43 mile S of Washington Int.,  St. George  MP 9.500  FC 11",Washington,37.1176159998084,-113.547758166387,2006,0,2020/12/14 10:47:26+00,psidwell@utah.gov_uplan,2020/12/14 10:47:26+00,psidwell@utah.gov_uplan,{DDC4F1FF-EF54-4402-AB80-7056EEF3A255},NID
-12645017.6646,4453557.0237,57,56,-0623,0018,304,001.600,"SR 18   Bluff Street,  St. George  MP 1.600  FC 14",Washington,37.1035991239789,-113.592126360715,2009,0,2020/12/14 10:47:26+00,psidwell@utah.gov_uplan,2020/12/14 10:47:26+00,psidwell@utah.gov_uplan,{7EA82FA8-BEC9-44AB-ADCD-AE8ED7A1CF89},NID
-12645463.2994,4455219.0353,58,0,-0702,0018,0,2.510,SR-18 Bluff St. 425 N. St. George,Washington,37.1155056334769,-113.596129566235,2001,0,2020/12/14 10:47:26+00,psidwell@utah.gov_uplan,2020/12/14 10:47:26+00,psidwell@utah.gov_uplan,{F6BCE30E-717B-4A6C-B054-DC8D4762DFC5},NID
-12646050.0459,4456872.4968,59,0,-0716,0018,0,3.370,SR-18 Bluff St. ST. George,Washington,37.1273490331776,-113.601400399723,2018,0,2020/12/14 10:47:26+00,psidwell@utah.gov_uplan,2020/12/14 10:47:26+00,psidwell@utah.gov_uplan,{C88EE691-51AF-4C72-9AEF-47072DE28BE4},NID
-12646975.2624,4456360.3313,60,56,-0703,0008,303,000.640,"SR 8   1313 W Sunset Blvd.,  St. George  MP 0.640  FC 16",Washington,37.1236806966586,-113.609711760954,2001,0,2020/12/14 10:47:26+00,psidwell@utah.gov_uplan,2020/12/14 10:47:26+00,psidwell@utah.gov_uplan,{16305135-A72C-409E-9ED7-3B2A531F3962},NID
-12627001.0149,4461664.1308,61,56,-0402,0009,1326,001.415,"SR 9   1.3 miles W of SR 318,  Hurricane  MP 1.415  FC 02",Washington,37.1616600409434,-113.430280042774,1960,0,2020/12/14 10:47:26+00,psidwell@utah.gov_uplan,2020/12/14 10:47:26+00,psidwell@utah.gov_uplan,{AF9C219A-008C-46DE-8CE0-5ED77FFD2258},NID
-12540643.7783,4624017.9761,62,56,-0403,0015,1333,112.432,I 15   0.5 mile N of N Beaver Int.  MP 112.432  FC 01,Beaver,38.3149799746808,-112.654519787453,1956,0,2020/12/14 10:47:26+00,psidwell@utah.gov_uplan,2020/12/14 10:47:26+00,psidwell@utah.gov_uplan,{83DA1A4E-71C4-443A-BF7F-101876B368BE},NID
-12478788.0123,4689054.9605,63,56,-0508,0070,1370,038.732,I 70   1.5 miles NE of W Richfield Int.  MP 38.732  FC 11,Sevier,38.7719300314805,-112.098859987366,1991,0,2020/12/14 10:47:26+00,psidwell@utah.gov_uplan,2020/12/14 10:47:26+00,psidwell@utah.gov_uplan,{5F4773DA-8E8E-4AD7-BF3B-71AB74360C26},NID
-12451990.074,4714228.6142,64,56,-0503,0089,1384,226.441,"SR 89   0.5 mile S of SR 50,  Salina  MP 226.441  FC 02",Sevier,38.9480199858164,-111.858130011788,1990,0,2020/12/14 10:47:26+00,psidwell@utah.gov_uplan,2020/12/14 10:47:26+00,psidwell@utah.gov_uplan,{0BBE1D9B-7BED-474B-9D99-3C7772C9FCA7},NID
-12272345.2102,4719982.4341,65,56,-0418,0006,1332,299.194,"SR 6   0.7 mile N of I 70,  Green River  MP 299.194  FC 02",Emery,38.9882067684062,-110.244352743137,1950,0,2020/12/14 10:47:26+00,psidwell@utah.gov_uplan,2020/12/14 10:47:26+00,psidwell@utah.gov_uplan,{B672EF3D-0BEA-43B0-BC92-8FCB137D0F56},NID
-12452634.6087,4799301.0135,66,56,-0431,0028,1342,028.668,"SR 28   1.5 miles S of SR 78,  Levan  MP 28.668  FC 02",Juab,39.5398700189216,-111.863919965509,1950,0,2020/12/14 10:47:26+00,psidwell@utah.gov_uplan,2020/12/14 10:47:26+00,psidwell@utah.gov_uplan,{F4FC2754-7C17-43DE-BF14-C1646A59C824},NID
-12444032.7143,4860875.7783,67,0,-0638,0015,0,242.447,I-15 N. South Santaquin,Utah,39.9651260003276,-111.78664783339,2019,0,2020/12/14 10:47:26+00,psidwell@utah.gov_uplan,2020/12/14 10:47:26+00,psidwell@utah.gov_uplan,{3D3101AD-87F3-4036-B9DC-5B6C7D333B49},NID
-12443551.6657,4862413.5136,68,0,-0650,0006,0,159.728,"100 West Santaquin Via SR-6, Santaquin",Utah,39.975712499816,-111.782326500292,2019,0,2020/12/14 10:47:26+00,psidwell@utah.gov_uplan,2020/12/14 10:47:26+00,psidwell@utah.gov_uplan,{704E05BD-9D30-4184-A63A-F892151F02F0},NID
-12423377.3457,4886621.7265,69,0,-0664,0089,0,325.719,Sr-89 In Mapleton,Utah,40.1421571665916,-111.601097500265,2019,0,2020/12/14 10:47:26+00,psidwell@utah.gov_uplan,2020/12/14 10:47:26+00,psidwell@utah.gov_uplan,{72182E80-1F5B-4D59-9025-2B302FF28B41},NID
-12428427.0846,4887459.5022,70,56,-0611,0015,1333,258.600,"I 15   1 mile S of SR 77,  Springville Int.  MP 258.600  FC 11",Utah,40.147910051528,-111.646460076612,2002,0,2020/12/14 10:47:26+00,psidwell@utah.gov_uplan,2020/12/14 10:47:26+00,psidwell@utah.gov_uplan,{0FB8D56D-1295-43F4-A6DC-1C73DB4CBA2F},NID
-12427149.6849,4889384.7834,71,0,-0646,0077,0,7.790,"SR-77 400 S. E. of I-15, Springville",Utah,40.1611288336128,-111.634984999868,2019,0,2020/12/14 10:47:26+00,psidwell@utah.gov_uplan,2020/12/14 10:47:26+00,psidwell@utah.gov_uplan,{D6C5D759-1266-4CCC-8EC0-8160E6114EAB},NID
-12415977.1107,4871506.5884,72,56,-0312,0006,1332,182.390,"SR 6   4.5 miles SE of SR 89,  Moark Jct.  MP 182.390  FC 02",Utah,40.0382800230449,-111.534620058199,1942,0,2020/12/14 10:47:26+00,psidwell@utah.gov_uplan,2020/12/14 10:47:26+00,psidwell@utah.gov_uplan,{C170290E-2F65-4FC6-81F1-86A440E9B57E},NID
-12427076.7924,4882416.1132,73,56,-0327,0006,1332,174.652,"SR 6   0.2 mile W of Center Street,  Spanish Fork  MP 174.652  FC 14",Utah,40.1132704655214,-111.634330195399,1950,0,2020/12/14 10:47:26+00,psidwell@utah.gov_uplan,2020/12/14 10:47:26+00,psidwell@utah.gov_uplan,{2BD666B5-85A2-4A64-9FA1-5ABCD82332FE},NID
-12429322.7898,4883551.1798,74,0,-0653,0156,0,1.462,"SR-156 Main st., Spanish Fork",Utah,40.1210680003367,-111.654506333324,2019,0,2020/12/14 10:47:26+00,psidwell@utah.gov_uplan,2020/12/14 10:47:26+00,psidwell@utah.gov_uplan,{9869829C-68B0-43BB-ABCF-43F1F5E75C26},NID
-12441311.196,4866651.4571,75,56,-0349,0015,1333,246.920,I 15   2 miles N of Santaquin Int.  MP 246.920  FC 01,Utah,40.0048800272036,-111.762200018541,1950,0,2020/12/14 10:47:26+00,psidwell@utah.gov_uplan,2020/12/14 10:47:26+00,psidwell@utah.gov_uplan,{EE0A90F6-E23B-4782-A8B9-A04C630B3AA8},NID
-12431909.2425,4881617.4438,76,0,-0655,0015,0,255.530,I-15 N. of SR 164 South Spanish Fork, ,40.1077833330959,-111.677740833245,2019,0,2020/12/14 10:47:26+00,psidwell@utah.gov_uplan,2020/12/14 10:47:26+00,psidwell@utah.gov_uplan,{76A39720-90DA-4B5F-89FA-F27874384185},NID
-12439586.8886,4870515.6893,77,0,-0654,0178,0,.490,"SR-178 800 S. E. of 1000 W., Payson",Utah,40.0314646402368,-111.746710301622,2019,0,2020/12/14 10:47:26+00,psidwell@utah.gov_uplan,2020/12/14 10:47:26+00,psidwell@utah.gov_uplan,{2A5F07D3-8072-465F-9B3F-D6BFBDF3C837},Under Construction
-12438806.2271,4872980.8206,78,0,-0639,0015,0,248.845,"I-15 N. of SR-178, Payson",Utah,40.0484185000897,-111.73969750005,2019,0,2020/12/14 10:47:26+00,psidwell@utah.gov_uplan,2020/12/14 10:47:26+00,psidwell@utah.gov_uplan,{FC922B45-88CD-412D-B857-26BE54009A02},NID
-12557074.69,4979160.9132,79,56,-0323,0080,321,068.690,I 80   1 mile W of Delle Int.  MP 68.690  FC 01,Tooele,40.7746616693554,-112.802121178574,1950,0,2020/12/14 10:47:26+00,psidwell@utah.gov_uplan,2020/12/14 10:47:26+00,psidwell@utah.gov_uplan,{EB207F9B-E15C-4A32-9715-DF8D557F879F},NID
-12423738.2969,4924980.2758,80,56,-0602,0092,1386,022.487,SR 92   American Fork Canyon E Toll Booth  MP 22.487  FC 07,Utah,40.4050600306052,-111.604339980063,2000,0,2020/12/14 10:47:26+00,psidwell@utah.gov_uplan,2020/12/14 10:47:26+00,psidwell@utah.gov_uplan,{E465E580-5AF9-47B1-8FA1-EAC9FE3420FC},NID
-12424627.9274,4893886.2893,81,0,-0660,0089,0,330.234,"SR 75 (Road to Ironton) Via SR-89, Provo",Utah,40.1920256667693,-111.612331666817,2019,0,2020/12/14 10:47:26+00,psidwell@utah.gov_uplan,2020/12/14 10:47:26+00,psidwell@utah.gov_uplan,{8DEF7EED-0B55-4C90-8AAF-4C7A521A5217},NID
-12428485.8314,4891764.23,82,0,-0665,0015,0,259.964,"I-15 N. of SR 77 NB, Springville",Utah,40.1774623131924,-111.646987808095,2019,0,2020/12/14 10:47:26+00,psidwell@utah.gov_uplan,2020/12/14 10:47:26+00,psidwell@utah.gov_uplan,{C76FF785-6703-4EE8-BD09-A0A596BC3E22},NID
-12428902.8185,4894814.3039,83,0,-0667,0015,0,261.781,"I-15 N. of SR 75 North NB, Springville/Provo",Utah,40.1983934999189,-111.650733666947,2019,0,2020/12/14 10:47:26+00,psidwell@utah.gov_uplan,2020/12/14 10:47:26+00,psidwell@utah.gov_uplan,{9DC95037-115F-48C6-946A-6E04CDCF9F0C},NID
-12431247.6918,4898236.2917,84,0,-1668,0015,0,263.358,"I-15 N. of SR 189 University Avenue SB, Provo",Utah,40.2218692634507,-111.671798022195,2019,0,2020/12/14 10:47:26+00,psidwell@utah.gov_uplan,2020/12/14 10:47:26+00,psidwell@utah.gov_uplan,{5CEF5F44-12D9-4740-B451-735A4EFD17D7},NID
-12429806.0781,4901673.9857,85,0,-0659,0189,0,2.712,"SR-189 800 North, Provo",Utah,40.2454445877799,-111.65884778599,2019,0,2020/12/14 10:47:26+00,psidwell@utah.gov_uplan,2020/12/14 10:47:26+00,psidwell@utah.gov_uplan,{B6455B9D-C410-4E49-81E8-ED8E7B82D852},NID
-12431229.0699,4899991.9657,86,0,-0649,0114,0,0.209,"SR-114 Provo Center E. of I-15, Provo",Utah,40.2339105065411,-111.671630738821,2019,0,2020/12/14 10:47:26+00,psidwell@utah.gov_uplan,2020/12/14 10:47:26+00,psidwell@utah.gov_uplan,{C0AEF8DB-F5EA-46D1-9F75-41FE251EBC4F},NID
-12434311.4252,4903158.1067,87,56,-0306,0015,1333,267.841,"I 15   2 miles N of Center Street,  Provo  MP 267.841  FC 11",Utah,40.2556199884753,-111.699320007592,1950,0,2020/12/14 10:47:26+00,psidwell@utah.gov_uplan,2020/12/14 10:47:26+00,psidwell@utah.gov_uplan,{040E4D32-90AD-4588-A08D-2E52D3A9730C},NID
-12437716.9769,4906407.2728,88,0,-0651,0114,0,5.200,"SR-114 Geneva Rd N. of University Pkwy., Orem",Utah,40.2778915148819,-111.729912599021,2019,0,2020/12/14 10:47:26+00,psidwell@utah.gov_uplan,2020/12/14 10:47:26+00,psidwell@utah.gov_uplan,{F45354B2-EE65-465E-87C4-B19F07ADA3EE},NID
-12437284.8793,4907498.1508,89,0,-0669,0015,0,269.035,"I-15 N. of SR 265 BYU Diagonal/University Pkwy NB, Provo",Utah,40.2853673331455,-111.726031000238,2019,0,2020/12/14 10:47:26+00,psidwell@utah.gov_uplan,2020/12/14 10:47:26+00,psidwell@utah.gov_uplan,{34A02F0B-294A-40A3-92DB-095208738477},NID
-12457037.4283,4913030.6529,90,0,-0663,0068,0,25.350,"Harbor Park Way via Redwood Rd - 400 S Lehi, Saratoga Springs",Utah,40.3232689999431,-111.903471166908,2019,0,2020/12/14 10:47:26+00,psidwell@utah.gov_uplan,2020/12/14 10:47:26+00,psidwell@utah.gov_uplan,{8B3B5892-D3F4-4509-989E-198490ECB884},NID
-12420291.1983,4917847.1461,91,56,-0319,0189,403,013.342,"SR 189   1 mile W of SR 92, Provo Cyn.  MP 13.342 FC 02",Utah,40.3562481669791,-111.573374166481,1988,0,2020/12/14 10:47:26+00,psidwell@utah.gov_uplan,2020/12/14 10:47:26+00,psidwell@utah.gov_uplan,{072E4466-0525-4A27-BA8D-CC365E317128},NID
-12429626.7871,4906119.4149,92,56,-0350,0189,403,004.831,"SR 189   3200 N University Avenue,  Provo  MP 4.831  FC 14",Utah,40.2759186785743,-111.657237187534,1950,0,2020/12/14 10:47:26+00,psidwell@utah.gov_uplan,2020/12/14 10:47:26+00,psidwell@utah.gov_uplan,{0E5C9B59-8927-4D41-BAE9-D8AB6EABE075},NID
-12431030.5978,4911364.1286,93,0,-0661,0052,0,3.432,"800 East - SR 189 Olmstead Junction, Orem",Utah,40.3118543334975,-111.669847833612,2019,0,2020/12/14 10:47:26+00,psidwell@utah.gov_uplan,2020/12/14 10:47:26+00,psidwell@utah.gov_uplan,{667BB61A-1CBA-43B7-89AE-CE2F9392D25E},NID
-12404189.8186,4948200.9363,94,56,-0509,0040,310,012.808,"SR 40   0.5 mile W of SR 32,  Heber  MP 12.808  FC 02",Wasatch,40.5637135029204,-111.428733011681,1994,0,2020/12/14 10:47:26+00,psidwell@utah.gov_uplan,2020/12/14 10:47:26+00,psidwell@utah.gov_uplan,{3D455A45-022A-4680-9F02-73AEE71ECBAD},NID
-12442339.7063,4949365.6566,95,56,-0317,0210,415,004.166,"SR 210   Mouth of Little Cottonwood Canyon, SLC  MP 4.166  FC 06",Salt Lake,40.5716614913683,-111.771439283765,1948,0,2020/12/14 10:47:26+00,psidwell@utah.gov_uplan,2020/12/14 10:47:26+00,psidwell@utah.gov_uplan,{94C01FAC-7DB6-41E6-AB25-B6581477EAC4},NID
-12435696.9624,4911374.8342,96,0,-0642,0052,0,1.215,"SR-52 800 N. E. of I-15, Orem",Utah,40.3119276664314,-111.711766500026,2019,0,2020/12/14 10:47:26+00,psidwell@utah.gov_uplan,2020/12/14 10:47:26+00,psidwell@utah.gov_uplan,{DBF67448-BCE4-484D-AC59-BBD0C2A43455},NID
-12437347.7933,4912331.6994,97,0,-0641,0015,0,272.155,"I-15 N. of SR 52 800 N.  NB, Orem",Utah,40.3184818333174,-111.726596166316,2019,0,2020/12/14 10:47:26+00,psidwell@utah.gov_uplan,2020/12/14 10:47:26+00,psidwell@utah.gov_uplan,{991781CA-F5DA-4064-BFFB-6B86FE988D71},NID
-12438153.7093,4917504.0048,98,0,-0647,0089,0,344.175,"SR-89 400 N., Lindon",Utah,40.3538991663988,-111.733835832921,2019,0,2020/12/14 10:47:26+00,psidwell@utah.gov_uplan,2020/12/14 10:47:26+00,psidwell@utah.gov_uplan,{8F71405D-5BCC-4F23-AE39-E679A8B9205F},NID
-12440056.7114,4915305.9853,99,0,-1670,0015,0,272.716,"I-15 N. of SR 241 SB, Lindon / Pleasant Grove",Utah,40.3388505113225,-111.750930791643,2019,0,2020/12/14 10:47:26+00,psidwell@utah.gov_uplan,2020/12/14 10:47:26+00,psidwell@utah.gov_uplan,{0FA24988-9408-41B6-8EE0-7ADF791D58E0},NID
-12442061.9511,4919186.5678,100,0,-0645,0129,0,2.638,"SR-129 N. County Blvd N. of Pleasant Grove Blvd., Pleasant Grove",Utah,40.3654164997433,-111.768944166351,2019,0,2020/12/14 10:47:26+00,psidwell@utah.gov_uplan,2020/12/14 10:47:26+00,psidwell@utah.gov_uplan,{AF8AA36A-1778-4442-8F07-E733DBC8D064},NID
-12445008.558,4919477.7229,101,0,-0671,0015,0,276.462,"I-15 N of SR 180 500 East NB, American Fork",Utah,40.3674092895178,-111.795413986496,2019,0,2020/12/14 10:47:26+00,psidwell@utah.gov_uplan,2020/12/14 10:47:26+00,psidwell@utah.gov_uplan,{FA7616C6-C600-4DCD-8CEC-29179900B127},NID
-12442569.902,4924856.67,102,0,-0656,0129,0,5.364,"SR-129 North County Blvd N. of 2600 N., Cedar Hills",Utah,40.4042144997203,-111.773507166921,2019,0,2020/12/14 10:47:26+00,psidwell@utah.gov_uplan,2020/12/14 10:47:26+00,psidwell@utah.gov_uplan,{53C09AEF-8BF4-494B-8607-AFD05D414A44},NID
-12447680.654,4922151.3286,103,0,-0658,0089,0,349.655,"SR-89 State St. N. of Pacific Dr., American Fork",Utah,40.3857058333831,-111.819417833271,2019,0,2020/12/14 10:47:26+00,psidwell@utah.gov_uplan,2020/12/14 10:47:26+00,psidwell@utah.gov_uplan,{BEE79C10-D73D-439E-B13A-9974A95F23A5},NID
-12448883.591,4921787.5289,104,0,-1672,0015,0,278.528,"I-15 N of SR 145 Main St SB, American Fork",Utah,40.3832164998296,-111.8302240002,2019,0,2020/12/14 10:47:26+00,psidwell@utah.gov_uplan,2020/12/14 10:47:26+00,psidwell@utah.gov_uplan,{F680F9B9-6832-487E-AD38-DFCCCDA05CC6},NID
-12449525.3681,4920734.013,105,56,-0632,0145,1419,005.555,"SR 145 Pioneer Crossing VMS Sign, Lehi-American Fork  MP  5.555  FC 12",Utah,40.3760071995797,-111.835989181979,2014,0,2020/12/14 10:47:26+00,psidwell@utah.gov_uplan,2020/12/14 10:47:26+00,psidwell@utah.gov_uplan,{02F583D7-4E2E-4801-9111-EDC73D0D5BDD},NID
-12448880.8637,4925749.0316,106,0,-0643,2932,0,2.000,"Jct SR 89 - SR 74 via 1200 East and 10400 South.,Highland",Utah,40.4103184998526,-111.830199500447,2019,0,2020/12/14 10:47:26+00,psidwell@utah.gov_uplan,2020/12/14 10:47:26+00,psidwell@utah.gov_uplan,{9CAA2473-7FF3-48A3-BB9F-A00B2E79D27D},NID
-12450784.6681,4929002.6558,107,0,-0676,0092,0,2.560,"SR-92 Center St., Highland",Utah,40.4325695001319,-111.847301666352,2019,0,2020/12/14 10:47:26+00,psidwell@utah.gov_uplan,2020/12/14 10:47:26+00,psidwell@utah.gov_uplan,{416D5348-BE59-4574-A77C-36793C07076C},NID
-12455128.3176,4924144.4031,108,0,-0662,2878,0,3.583,2300 West (Lehi) between Main St. and 2100 North,Utah,40.399341999877,-111.886321333699,2019,0,2020/12/14 10:47:26+00,psidwell@utah.gov_uplan,2020/12/14 10:47:26+00,psidwell@utah.gov_uplan,{B0847132-9B27-4D41-B9AF-63BF33A67CE1},NID
-12456605.4901,4926070.6272,109,0,-1648,0194,0,1.734,"SR-194 2100 N. E. of SR-68 EB, Lehi",Utah,40.4125181669935,-111.89959100004,2019,0,2020/12/14 10:47:26+00,psidwell@utah.gov_uplan,2020/12/14 10:47:26+00,psidwell@utah.gov_uplan,{9F802E9F-6EB2-43C9-9F92-2FFEB122E5A7},NID
-12459096.7566,4922435.2314,110,0,-0618,0073,0,36.133,"SR 73 W of SR 68 Redwood Rd, Lehi  MP 36.133 FC 14",Utah,40.387648400999,-111.921970427777,2004,2007,2020/12/14 10:47:26+00,psidwell@utah.gov_uplan,2020/12/14 10:47:26+00,psidwell@utah.gov_uplan,{FCEF1C99-2CEC-45F7-92F9-C1F99C63515C},NID
-12461160.103,4922257.0724,111,56,-0626,0073,1372,035.153,"SR 73  W of 800 W,  Saratoga Springs   MP 35.153   FC 14",Utah,40.3864293779919,-111.940505783853,2012,0,2020/12/14 10:47:26+00,psidwell@utah.gov_uplan,2020/12/14 10:47:26+00,psidwell@utah.gov_uplan,{145394F7-C1C0-48F9-9C38-A1C14A5583BA},NID
-12465099.8723,4919823.6667,112,0,-0657,2889,0,0.756,"FR-2889 Ranches Pkwy. N. of Pony Express Way., Eagle Mountain",Utah,40.3697769999475,-111.975897333634,2019,0,2020/12/14 10:47:26+00,psidwell@utah.gov_uplan,2020/12/14 10:47:26+00,psidwell@utah.gov_uplan,{D9BB8193-E165-46FD-99A0-C03A41694830},NID
-12440043.95,4915296.5345,113,0,-0670,0015,0,272.716,"I-15 N. of SR 241 NB, Lindon / Pleasant Grove",Utah,40.3387857995387,-111.750816154036,2019,0,2020/12/14 10:47:26+00,psidwell@utah.gov_uplan,2020/12/14 10:47:26+00,psidwell@utah.gov_uplan,{FDC86FD4-1733-40F3-81EF-851F9F9626A9},NID
-12428899.7386,4894816.7572,114,0,1667,0015,0,261.781,"I-15 N. of SR 75 North NB, Springville/Provo",Utah,40.1984103331342,-111.650705999735,2019,0,2020/12/14 10:47:26+00,psidwell@utah.gov_uplan,2020/12/14 10:47:26+00,psidwell@utah.gov_uplan,{259DD0D4-F33C-49B1-80E5-393BFE9B2FD0},NID
-12428483.8861,4891765.9084,115,0,-1665,0015,0,259.964,"I-15 N. of SR 77 SB, Springville", ,40.1774738330186,-111.646970333168,2019,0,2020/12/14 10:47:26+00,psidwell@utah.gov_uplan,2020/12/14 10:47:26+00,psidwell@utah.gov_uplan,{D8E5E9FE-F40B-4BE8-A2A8-27C87FDBECF8},NID
-12431252.4692,4898238.9789,116,0,-0668,0015,0,263.358,"I-15 N. of SR 189 University Avenue NB, Provo",Utah,40.2218876951755,-111.671840938309,2019,0,2020/12/14 10:47:26+00,psidwell@utah.gov_uplan,2020/12/14 10:47:26+00,psidwell@utah.gov_uplan,{9CF95DE6-E730-47D6-9B9C-DA0CFB02BB56},NID
-12448883.257,4921787.6994,117,0,-0672,0015,0, ,278.528,Utah,40.3832176665134,-111.830220999827,2019,0,2020/12/14 10:47:26+00,psidwell@utah.gov_uplan,2020/12/14 10:47:26+00,psidwell@utah.gov_uplan,{DBC51539-B898-40FF-992A-7EEAD021884D},NID
-12456410.5882,4929942.9286,118,0,-0674,0015,0,283.920,"I-15 N of SR 92  NB, Highland / (Alpine)",Utah,40.4389985001679,-111.897840166483,2019,0,2020/12/14 10:47:26+00,psidwell@utah.gov_uplan,2020/12/14 10:47:26+00,psidwell@utah.gov_uplan,{20AD042A-F86B-44AD-990A-18AE8A77FC71},NID
-12456410.5697,4929943.1723,119,0,-1674,0015,0,283.920,"I-15 N of SR 92  SB, Highland / (Alpine)",Utah,40.4390001663571,-111.897840000295,2019,0,2020/12/14 10:47:27+00,psidwell@utah.gov_uplan,2020/12/14 10:47:27+00,psidwell@utah.gov_uplan,{36815A96-D9EE-4787-9152-DBD96C17ECC0},NID
-12455712.5278,4941280.1017,120,56,-0302,0015,1333,290.600,I 15  12900 South  M.P.  290.600  FC 11,Salt Lake,40.5164666349166,-111.891569383217,2011,0,2020/12/14 10:47:27+00,psidwell@utah.gov_uplan,2020/12/14 10:47:27+00,psidwell@utah.gov_uplan,{B48B3B1F-8C8D-4869-B38A-C5D1ADA1C0D8},NID
-12458168.6925,4938404.1124,121,56,-0636,0154,1426,1.857,SR 154 Bangerter @ 700 W Draper MP 1.857,Salt Lake,40.4968231498013,-111.913633486121,2018,0,2020/12/14 10:47:27+00,psidwell@utah.gov_uplan,2020/12/14 10:47:27+00,psidwell@utah.gov_uplan,{579F1434-259E-4E8A-96F2-884329267E24},NID
-12462225.7885,4933617.3972,122,56,-0633,0085,6660,003.374,SR 85  Porter Rockwell Blvd @ 2300 West  MP 3.374  FC 12,Salt Lake,40.46411633362,-111.95007899958,2014,0,2020/12/14 10:47:27+00,psidwell@utah.gov_uplan,2020/12/14 10:47:27+00,psidwell@utah.gov_uplan,{555B7363-B2B9-40C1-A05C-4746D118C3E3},NID
-12457610.6494,4934567.4522,123,56,-0635,0015,1333,287.230,"I 15, 15400 South, Draper  MP 287.230",Salt Lake,40.470609166393,-111.908620499661,2017,0,2020/12/14 10:47:27+00,psidwell@utah.gov_uplan,2020/12/14 10:47:27+00,psidwell@utah.gov_uplan,{FE1E4BEA-8043-4D18-BCBD-8D9434676B55},NID
-12456606.3064,4926152.8187,124,0,-0648,0194,0,001.734,"SR-194 2100 N. E. of SR-68 WB, Lehi",Utah,40.4130803333659,-111.899598332987,2019,0,2020/12/14 10:47:27+00,psidwell@utah.gov_uplan,2020/12/14 10:47:27+00,psidwell@utah.gov_uplan,{E706598C-56BF-464F-86E6-F89F7BB343F5},NID
-12458992.0186,4959083.5137,125,56,-0351,0215,418,012.381,"I 215   1050 W,  SLC  MP 12.381  FC 11",Salt Lake,40.6379388264848,-111.921029550315,1950,0,2020/12/14 10:47:27+00,psidwell@utah.gov_uplan,2020/12/14 10:47:27+00,psidwell@utah.gov_uplan,{E813A2C3-90A4-4FAC-BFCF-28F002C612A1},NID
-12458726.85,4961275.0445,126,56,-0335,0173,1437,008.260,"SR 173   1075 W 5400 S,  SLC  MP 8.260  FC 16",Salt Lake,40.6528763332583,-111.918647500253,1950,0,2020/12/14 10:47:27+00,psidwell@utah.gov_uplan,2020/12/14 10:47:27+00,psidwell@utah.gov_uplan,{0341A8C6-A7EF-4B35-9533-88284EFC7938},NID
-12458729.2805,4964207.4116,127,56,-0631,0266,431,001.923,"SR 266  4700 S 1075 W, SLC  MP 1.923  FC 14",Salt Lake,40.672858161636,-111.918669333806,2014,0,2020/12/14 10:47:27+00,psidwell@utah.gov_uplan,2020/12/14 10:47:27+00,psidwell@utah.gov_uplan,{55D8AD02-F612-4647-85B8-157A72EA5A2C},NID
-12462443.8637,4966303.2468,128,56,-0637,0215,418,16.88,I 215 @ 3900 S West Valley MP 16.880 NB,Salt Lake,40.6871359996362,-111.952038002433,2018,0,2020/12/14 10:47:27+00,psidwell@utah.gov_uplan,2020/12/14 10:47:27+00,psidwell@utah.gov_uplan,{78CE4F63-B55B-4557-B147-B7ED841C116F},NID
-12446402.9518,4960753.2379,129,56,-0617,0215,418,005.530,"I 215   5800 S Knudsen's Corner,  SLC  MP 5.300 FC 11",Salt Lake,40.6493199948996,-111.807940039123,2004,0,2020/12/14 10:47:27+00,psidwell@utah.gov_uplan,2020/12/14 10:47:27+00,psidwell@utah.gov_uplan,{DB0A5E2D-26FC-4A64-BB75-DB2AF1605A9B},NID
-12459133.4259,4968088.144,130,56,-0354,0171,346,008.800,"SR 171   1200 W 3300 S,  SLC  MP 8.800  FC 14",Salt Lake,40.6992931669935,-111.922299833704,1950,0,2020/12/14 10:47:27+00,psidwell@utah.gov_uplan,2020/12/14 10:47:27+00,psidwell@utah.gov_uplan,{0F32B05D-612D-40C2-9257-DE6028ED99FC},NID
-12457121.9383,4969349.1932,131,56,-0629,0015,1333,304.000,I-15 2900 South  MP 304.001  FC 11,Salt Lake,40.7078810001234,-111.904230333155,2014,0,2020/12/14 10:47:27+00,psidwell@utah.gov_uplan,2020/12/14 10:47:27+00,psidwell@utah.gov_uplan,{8EFDE0AE-30E3-4B6B-BC7A-48E7A4B641A2},NID
-12462672.1423,4970228.6636,132,56,-0353,0215,418,018.732,"I 215   2500 S,  SLC  MP 18.732  FC 11",Salt Lake,40.7138695995523,-111.954088663987,1950,0,2020/12/14 10:47:27+00,psidwell@utah.gov_uplan,2020/12/14 10:47:27+00,psidwell@utah.gov_uplan,{145C259A-9D88-45BF-B8E2-9B3CF0AB0D53},NID
-12465908.0963,4970337.2898,133,56,-0711,0154,1426,020.229,"SR 154   2500 S Bangerter Highway,  SLC  MP 20.229  FC 14",Salt Lake,40.7146092332379,-111.983157733356,1991,0,2020/12/14 10:47:27+00,psidwell@utah.gov_uplan,2020/12/14 10:47:27+00,psidwell@utah.gov_uplan,{10BC138B-BBBB-4802-8C4D-989A887F5058},NID
-12472144.5407,4971919.6165,134,56,-0619,0201,411,010.600,"SR 201   6174 W,  SLC  MP 10.600  FC 12",Salt Lake,40.7253823333909,-112.039180666587,2004,0,2020/12/14 10:47:27+00,psidwell@utah.gov_uplan,2020/12/14 10:47:27+00,psidwell@utah.gov_uplan,{1F0D3334-8BB5-4EC3-8811-B4D02E6FDD8C},NID
-12453499.5597,4964053.572,135,56,-0406,0071,318,016.337,"SR 71   4550 S 700 E,  SLC  MP 16.337  FC 14",Salt Lake,40.6718100117698,-111.871689952542,1984,0,2020/12/14 10:47:27+00,psidwell@utah.gov_uplan,2020/12/14 10:47:27+00,psidwell@utah.gov_uplan,{0258C9EE-3954-4C7A-B399-CA2ABCF01852},NID
-12462443.8637,4966303.2468,136,56,-1637,0215,418,16.88,I 215 @ 3900 S West Valley MP 16.880 SB,Salt Lake,40.6871359996362,-111.952038002433,2018,0,2020/12/14 10:47:27+00,psidwell@utah.gov_uplan,2020/12/14 10:47:27+00,psidwell@utah.gov_uplan,{338CB9B1-ADF9-467C-AB61-18357DF2181D},NID
-12475191.2908,4967680.9471,137,56,-0355,0171,346,000.900,"SR 171   7658 W 3500 S,  Magna  MP 0.900  FC 16",Salt Lake,40.6965198911636,-112.066550088404,1985,0,2020/12/14 10:47:27+00,psidwell@utah.gov_uplan,2020/12/14 10:47:27+00,psidwell@utah.gov_uplan,{05CB8BA6-B7D5-456C-882B-64243EF0818D},NID
-12442506.762,4971775.3247,138,56,-0301,0080,321,129.000,"I 80   1 mile E of I 215 Int.,  Parleys Canyon,  SLC  MP 129.000  FC 11",Salt Lake,40.7244000105285,-111.772939970651,1937,0,2020/12/14 10:47:27+00,psidwell@utah.gov_uplan,2020/12/14 10:47:27+00,psidwell@utah.gov_uplan,{6072A16E-43B7-4622-B19C-4E2E976D61E8},NID
-12448895.3884,4975273.3357,139,56,-0332,0186,402,006.186,"SR 186   950 S Foothill Blvd.,  SLC  MP 6.186  FC 14",Salt Lake,40.7482100035651,-111.830329978047,1984,0,2020/12/14 10:47:27+00,psidwell@utah.gov_uplan,2020/12/14 10:47:27+00,psidwell@utah.gov_uplan,{EB51FE44-45BA-4ED5-A64D-1700CF692122},NID
-12453474.6182,4975010.0417,140,56,-0333,0071,318,021.260,"SR 71   1190 S 700 E,  SLC  MP 21.260  FC 14",Salt Lake,40.7464181307294,-111.871465899236,1984,0,2020/12/14 10:47:27+00,psidwell@utah.gov_uplan,2020/12/14 10:47:27+00,psidwell@utah.gov_uplan,{C0BB150B-EA85-42DF-8E69-290A479784A3},NID
-12455361.9343,4974883.958,141,56,-0325,0089,1384,377.450,"SR 89   1087 S State Street,  SLC  MP 377.450  FC 16",Salt Lake,40.7455600387926,-111.888419948222,1985,0,2020/12/14 10:47:27+00,psidwell@utah.gov_uplan,2020/12/14 10:47:27+00,psidwell@utah.gov_uplan,{AB098642-B14E-40FB-B147-3593FE989B56},NID
-12459864.8114,4977683.4425,142,56,-0340,0080,321,118.420,"I 80   1325  W,  SLC  MP 118.420  FC 11",Salt Lake,40.7646099751753,-111.928869981436,1967,0,2020/12/14 10:47:27+00,psidwell@utah.gov_uplan,2020/12/14 10:47:27+00,psidwell@utah.gov_uplan,{930F3783-AACB-4993-B5FB-E8BC26D46C28},NID
-12460978.0083,4974485.7633,143,56,-0408,0068,1368,057.436,"SR 68   1200 S Redwood Road,  SLC  MP 57.436  FC 16",Salt Lake,40.7428499594771,-111.938869999331,1959,0,2020/12/14 10:47:27+00,psidwell@utah.gov_uplan,2020/12/14 10:47:27+00,psidwell@utah.gov_uplan,{2F300B2E-81EB-4414-89E2-8CC996D77094},NID
-12462133.5033,4986342.7079,144,56,-0501,0215,418,026.400,"I 215   0.68 mile N of 2100 N Int.,  SLC  MP 26.400  FC 11",Salt Lake,40.8234999986756,-111.949249987523,1990,0,2020/12/14 10:47:27+00,psidwell@utah.gov_uplan,2020/12/14 10:47:27+00,psidwell@utah.gov_uplan,{BDD11443-5FE5-4881-9498-D287E085A1ED},NID
-12459200.2393,4987919.8244,145,56,-0628,0215,418,028.550,"I-215 1100 West, East of Redwood Rd. MP 28.550  FC 11",Davis,40.8342200455676,-111.922900028688,2014,0,2020/12/14 10:47:27+00,psidwell@utah.gov_uplan,2020/12/14 10:47:27+00,psidwell@utah.gov_uplan,{32E06FE0-0A5B-464F-AA6A-0B6DBB96DB2F},NID
-12461343.135,4988901.2314,146,56,-0624,0067,6369,000.944,SR 67  Legacy Parkway  MP 0.944  FC 12,Davis,40.8408900343846,-111.942149988284,2010,0,2020/12/14 10:47:27+00,psidwell@utah.gov_uplan,2020/12/14 10:47:27+00,psidwell@utah.gov_uplan,{F331B30D-6972-4720-90A8-328E30C05F11},NID
-12458013.5638,4990330.1156,147,56,-0616,0015,1333,314.290,"I 15   0.7 mile N of I 215 On-Ramp,  Woods Cross  MP 314.290  FC 11",Davis,40.8506000364828,-111.912239941298,2004,0,2020/12/14 10:47:27+00,psidwell@utah.gov_uplan,2020/12/14 10:47:27+00,psidwell@utah.gov_uplan,{DB6D5993-78EA-452A-943D-CA525B4A03EC},NID
-12450788.0634,4928980.9136,148,0,-0675,0092,0,2.560,"SR-92 By pass @ Center St., Highland",Utah,40.4324208332325,-111.847332166851,2019,0,2020/12/14 10:47:27+00,psidwell@utah.gov_uplan,2020/12/14 10:47:27+00,psidwell@utah.gov_uplan,{B68D573D-0EA5-4004-82E7-527594FB835D},NID
-12397736.2967,4931723.318,149,56,-0308,0040,310,021.579,"SR 40   1 mile E of POE Daniels Canyon, SLC  MP 21.579  FC 02",Wasatch,40.4511700104985,-111.37076003809,1940,0,2020/12/14 10:47:27+00,psidwell@utah.gov_uplan,2020/12/14 10:47:27+00,psidwell@utah.gov_uplan,{6DF3082A-24A1-4929-8DC9-E8559F4FC546},Loop
-12463091.0711,4858980.9216,150,56,-0321,0006,1332,149.650,"SR 6   0.25 mile W of SR 68,  Elberta Jct.  MP 149.650  FC 06",Utah,39.9520786527512,-111.957851965427,1961,0,2020/12/14 10:47:27+00,psidwell@utah.gov_uplan,2020/12/14 10:47:27+00,psidwell@utah.gov_uplan,{0FA51EA5-C6A1-4936-8E92-98322CCFA4BF},Loop
-12437218.9596,4910364.7092,151,0,-0640,0015,0,271.210,"I-15 N. of Center Street  NB, Orem",Utah,40.3050079996815,-111.725438833498,2019,0,2020/12/14 10:47:27+00,psidwell@utah.gov_uplan,2020/12/14 10:47:27+00,psidwell@utah.gov_uplan,{4C2D7E09-1502-4414-8FB3-34393C50397B},Under Construction
-12451205.4217,4924601.1119,152,0,-0673,0015,0,279.630,"I-15 N of SR 73 NB,  Lehi",Utah,40.4024663096713,-111.85108136025,2019,0,2020/12/14 10:47:27+00,psidwell@utah.gov_uplan,2020/12/14 10:47:27+00,psidwell@utah.gov_uplan,{77F8056A-C086-46D2-AD8A-5AAA56D7EF2C},NID
-12451200.0472,4924596.6331,153,0,-1673,0015,0,279.630,"I-15 N of SR 73 SB,  Lehi",Utah,40.4024356712488,-111.851033080295,2019,0,2020/12/14 10:47:27+00,psidwell@utah.gov_uplan,2020/12/14 10:47:27+00,psidwell@utah.gov_uplan,{7A618DD1-4F6A-4867-9A1F-F9FD14C64E62},NID
-12437311.7526,4910351.1438,154,0,-1640, ,0, , , ,40.3049150676975,-111.726272407199,0,0,2020/12/14 10:47:27+00,psidwell@utah.gov_uplan,2020/12/14 10:47:27+00,psidwell@utah.gov_uplan,{DE4E390B-7326-4C15-8E71-DEA3F2B8790E},Under Construction
-12636830.2403,4457647.1664,155,0,-0723,0015,0,11.38,"I-15 NB @ 500 W., Washington",Washington,37.1328971924253,-113.518577476853,2019,0,2020/12/14 10:47:27+00,psidwell@utah.gov_uplan,2020/12/14 10:47:27+00,psidwell@utah.gov_uplan,{EC2C1296-B342-4277-8A4F-71CB3E5C9066},NID
-12454367.4192,4970907.9922,156,56,-2341,0080,321,123.54,I 80   EB 1 mile E of 300 E Overpass SLC Mp 123.540,Salt Lake,40.7184949998062,-111.879486067076,1967,0,2020/12/14 10:47:27+00,psidwell@utah.gov_uplan,2020/12/14 10:47:27+00,psidwell@utah.gov_uplan,{521F8A46-FB54-49B7-8724-538170F5B308},NID
-12454445.02,4970838.0656,157,56,-3341,0080,321,123.54,I 80   WB 1 mile E of 300 E Overpass SLC Mp 123.540,Salt Lake,40.7180188996771,-111.880183166923,1967,0,2020/12/14 10:47:27+00,psidwell@utah.gov_uplan,2020/12/14 10:47:27+00,psidwell@utah.gov_uplan,{0AA35BC4-75D5-4DF6-8FF4-C03509A1582A},NID
-12460170.1443,4918735.0009,158,0,-0644,2881,0,12.000,"FR-2285 Pony Express Pkwy W. of Redwood Rd., Eagle Mountain",Utah,40.3623256665926,-111.931612833544,2019,0,2020/12/14 10:47:27+00,psidwell@utah.gov_uplan,2020/12/14 10:47:27+00,psidwell@utah.gov_uplan,{A5A4E259-1376-49F2-AAB1-8BD5D0AD5E2B},NID
-12454504.6967,4927538.8052,159,0,-0666,0015,0,282.311,I-15 between SR-92 and 2100 North Lehi,Utah,40.4225593776159,-111.88071925184,2019,0,2020/12/14 10:47:27+00,psidwell@utah.gov_uplan,2020/12/14 10:47:27+00,psidwell@utah.gov_uplan,{49E4325F-7317-4D58-B807-A404E39F9CD4},Proposed
-12535419.671,4657051.5784,160,0,-0721,0015,0,130.150,"I-15 Sulpherdale, Sulpherdale",Beaver,38.547436999945,-112.607590833118,2019,0,2020/12/14 10:47:27+00,psidwell@utah.gov_uplan,2020/12/14 10:47:27+00,psidwell@utah.gov_uplan,{18D48B03-5B95-429F-9EA1-21B77A3C6C50},NID
-12646884.4654,4442083.9937,161,0,-0717,0015,0,1.650,I-15 Arizona State Line,Washington,37.0213562672796,-113.608896117626,2019,0,2020/12/14 10:47:27+00,psidwell@utah.gov_uplan,2020/12/14 10:47:27+00,psidwell@utah.gov_uplan,{FCA13429-DF59-4C76-BDBA-A62EA0FBC46A},NID
-12531114.2505,4663881.0421,162,0,-0722,0070,0,2.406,"I-70 Cove fort, Cove fort",Millard,38.595402454997,-112.568914582721,2019,0,2020/12/14 10:47:27+00,psidwell@utah.gov_uplan,2020/12/14 10:47:27+00,psidwell@utah.gov_uplan,{193E4407-DF23-40A7-82C2-AB44FA54D8ED},NID
-12644117.4674,4448709.8594,163,0,-0718,0015,0,5.306,"I-15 Brigham Rd., St. George",Washington,37.0688637627215,-113.58403975168,2019,0,2020/12/14 10:47:27+00,psidwell@utah.gov_uplan,2020/12/14 10:47:27+00,psidwell@utah.gov_uplan,{DE8AA0AC-520D-4E41-9487-1BC2A7F54AE8},NID
-12632476.1789,4460561.6098,164,0,-0719,0015,0,14.010,"I-15 Washington Pkwy., Washington",Washington,37.1537667000696,-113.479464277816,2019,0,2020/12/14 10:47:27+00,psidwell@utah.gov_uplan,2020/12/14 10:47:27+00,psidwell@utah.gov_uplan,{9E4E35CA-220C-42C3-B991-C7DAB0D85C94},NID
-12537400.7014,4604296.2686,165,0,-0720,0015,0,103.250,"I-15 South Beaver, Beaver",Beaver,38.1758420754984,-112.625386731808,2019,0,2020/12/14 10:47:27+00,psidwell@utah.gov_uplan,2020/12/14 10:47:27+00,psidwell@utah.gov_uplan,{C0034CF7-B939-48B2-AECA-17C0762CACF8},NID
-12341688.0466,4826379.8746,166,56,-0314,0006,1332,"226.966
","SR 6 2 miles W of SR 191, Helper MP 226.966",Carbon,39.7272091031551,-110.86727004096,1950,0,2020/12/14 10:47:27+00,psidwell@utah.gov_uplan,2020/12/14 10:47:27+00,psidwell@utah.gov_uplan,{461A4D91-642D-481C-AC31-CF492CB9FF17},NID
-12369866.9941,4947490.9551,167,56,-0512,0035,1346,010.532,"SR 35   0.7 mile E of Summit County Line,  Woodland  MP 10.532  FC 07",Wasatch,40.5588681664907,-111.120405833256,2000,0,2020/12/14 10:47:27+00,psidwell@utah.gov_uplan,2020/12/14 10:47:27+00,psidwell@utah.gov_uplan,{852B7688-87FC-44CE-BCDF-88EDF8834C78},Loop
-12248602.682,4905657.0867,168,56,-0425,0040,310,111.561,"SR 40   3 miles W of SR 121,  Roosevelt  MP 111.561  FC 14",Duchesne,40.2727499882732,-110.03106998348,1956,0,2020/12/14 10:47:27+00,psidwell@utah.gov_uplan,2020/12/14 10:47:27+00,psidwell@utah.gov_uplan,{7832566A-7809-43F4-89BD-FF24C75069B4},NID
-12172659.4287,4572912.2545,169,56,-0420,0191,350,077.531,"SR 191   6 miles N of SR 491,  Monticello  MP 77.531  FC 02",San Juan,37.9538771929902,-109.348860131828,1960,0,2020/12/14 10:47:27+00,psidwell@utah.gov_uplan,2020/12/14 10:47:27+00,psidwell@utah.gov_uplan,{EF915080-ACC6-4CFF-A32E-33024E01209B},NID
-12192583.3713,4939779.7945,170,56,-0424,0191,350,355.610,"SR 191   3.5 miles N of SR 40,  Vernal  MP 355.610  FC 06",Uintah,40.5062200050904,-109.527839953403,1950,0,2020/12/14 10:47:27+00,psidwell@utah.gov_uplan,2020/12/14 10:47:27+00,psidwell@utah.gov_uplan,{766B7BE4-EBEE-4855-AB3C-005BCCE7DDD1},NID
-12416767.4329,4857168.8751,171,56,-0416,0089,1384,306.479,SR 89   5.5 miles S of SR 6  MP 306.479,Utah,39.9395991799183,-111.541719643316,1950,0,2020/12/14 10:47:27+00,psidwell@utah.gov_uplan,2020/12/14 10:47:27+00,psidwell@utah.gov_uplan,{1E32CAB7-10F5-43BF-AE41-964D54A3297E},Loop
-12323432.0537,4632001.383,172,56,-0414,0095,1388,000.225,"SR 95   0.2 mile S of SR 24,  Hanksville  MP 0.225  FC 06",Wayne,38.3712276663388,-110.703273666471,1950,0,2020/12/14 10:47:27+00,psidwell@utah.gov_uplan,2020/12/14 10:47:27+00,psidwell@utah.gov_uplan,{34407D65-0556-47F7-9954-29D215A58043},NID
-12499205.127,4601567.5815,173,56,-0504,0089,1384,156.965,SR 89   1 mile S of Circleville  MP 156.965  FC 02,Piute,38.15657004623,-112.282270049292,1990,0,2020/12/14 10:47:27+00,psidwell@utah.gov_uplan,2020/12/14 10:47:27+00,psidwell@utah.gov_uplan,{6D4B9998-BA34-4354-AACD-F10EDAD9B215},NID
-12429696.2325,4974557.3193,174,,-0677,0080,,MP. 1363930,I-80 Lambs Canyon,Salt Lake,40.7433369719222,-111.65786102635,2019,,2020/12/14 10:47:27+00,psidwell@utah.gov_uplan,2020/12/14 10:47:27+00,psidwell@utah.gov_uplan,{D2906C30-0D87-40D4-BBDC-7D3375D1E04D},NID
-12414583.7182,4971327.2782,175,,-0678,0080,,145.40,I-80 Kimball Junction,Summit,40.7213496663364,-111.522103000404,2019,,2020/12/14 10:47:27+00,psidwell@utah.gov_uplan,2020/12/14 10:47:27+00,psidwell@utah.gov_uplan,{E67DCFD2-90B8-470E-9C69-821B269979C1},NID
-12464819.7424,5098025.1808,176,,-0679,0091,,12.285,500 N Mantua via SR 91 - SR 23 (Center St) Wellsville,Box Elder,41.5783438636928,-111.973380884312,2019,,2020/12/14 10:47:27+00,psidwell@utah.gov_uplan,2020/12/14 10:47:27+00,psidwell@utah.gov_uplan,{A7E5FAED-E389-4009-B4AB-43221D3A90A7},Proposed
-12603378.812,4457035.0591,177,,-0724,-0059,,15.610,"SR-59 East of Hurricane, Hurricane",Washington,37.1285133330334,-113.218078183623,2020,,2020/12/14 10:47:27+00,psidwell@utah.gov_uplan,2020/12/14 10:47:27+00,psidwell@utah.gov_uplan,{183DE965-A008-4BFF-BFBE-72A636479DBB},Proposed
-12610389.792,4470783.4751,178,,-0725,0017,,1.300,"740 N via State St - Center Ave, Toquerville",Washington,37.2269170705322,-113.281058888936,2020,,2020/12/14 10:47:27+00,psidwell@utah.gov_uplan,2020/12/14 10:47:27+00,psidwell@utah.gov_uplan,{ADBA99BA-05E4-4816-8508-F54048AEC43D},Proposed
-12516402.3723,4528894.7405,179,,-0726,0089,,115.460,"Fish Hatchery Rd via SR 89 - 200 S, Hatch",Garfield,37.6414281386485,-112.436755532523,2020,,2020/12/14 10:47:27+00,psidwell@utah.gov_uplan,2020/12/14 10:47:27+00,psidwell@utah.gov_uplan,{A456524E-D824-48EB-916B-A1DEBF23362C},Proposed
-12445497.3921,4744623.473,180,,-0727,0089,,242.410,"Central Utah Corr Fac via SR 89 - 200 S Sterling, Gunnison",Sanpete,39.1600507836074,-111.799805258042,2020,,2020/12/14 10:47:27+00,psidwell@utah.gov_uplan,2020/12/14 10:47:27+00,psidwell@utah.gov_uplan,{8BBE36BE-C38F-4898-AF2F-F622CAECA4A9},Proposed
-12419626.4979,4779653.5279,181,,-0728,0089,,266.000,"700 N via SR 89 - SR 132, Ephraim",Sanpete,39.4036258192152,-111.567403061466,2020,,2020/12/14 10:47:27+00,psidwell@utah.gov_uplan,2020/12/14 10:47:27+00,psidwell@utah.gov_uplan,{7D14C45C-8024-4124-B8CF-545A32FD3A27},Proposed
-12189333.8659,4653675.8131,182,,-0729,0191,,121.080,"LaSal Loop Rd via SR 191 - Millcreek Dr, Moab",Grand,38.5237161221774,-109.498649149735,2020,,2020/12/14 10:47:27+00,psidwell@utah.gov_uplan,2020/12/14 10:47:27+00,psidwell@utah.gov_uplan,{F7B62373-FD45-47C8-87D4-E4521B7A59CE},Proposed
-12508181.2661,4543976.8429,183,,-0730,0012,,0.750,"SR 89 Jct via SR 12 - SR 63, Bryce Cyn",Garfield,37.7486340756531,-112.362904079194,2020,,2020/12/14 10:47:27+00,psidwell@utah.gov_uplan,2020/12/14 10:47:27+00,psidwell@utah.gov_uplan,{364270AC-4FCF-4915-90C2-2EC82FBCF40F},Proposed
-12371134.3015,4732721.7196,184,,-0731,0010,,25.950,"300 E Emery via SR 10 (Main St) - 100 S Millsite St Park, Ferron",Emery,39.0771014551635,-111.13179024915,2020,,2020/12/14 10:47:27+00,psidwell@utah.gov_uplan,2020/12/14 10:47:27+00,psidwell@utah.gov_uplan,{89C01A88-B3E8-4D97-AA4F-B7946DA9FA93},Proposed
-12479337.061,4755944.5145,185,,-0732,0050,,131.400,"300 S via SR 50 - SR 260, Scipio",Millard,39.2388621843696,-112.103792175639,2020,,2020/12/14 10:47:27+00,psidwell@utah.gov_uplan,2020/12/14 10:47:27+00,psidwell@utah.gov_uplan,{8612FEE7-EFC6-4CCF-80BD-BB08EC8AC5AC},Proposed
-12604581.2433,4502183.8908,186,,-0733,0015,,,I-15 Blackridge,Washington,37.4511831782242,-113.228879807483,2019,,2020/12/14 10:47:27+00,psidwell@utah.gov_uplan,2020/12/14 10:47:27+00,psidwell@utah.gov_uplan,{7E896B94-F6A1-4D1E-A2B0-A0196EF91C45},Under Construction
